CNPJ_CIA;DT_REFER;VERSAO;DENOM_CIA;CD_CVM;GRUPO_DFP;MOEDA;ESCALA_MOEDA;ORDEM_EXERC;DT_INI_EXERC;DT_FIM_EXERC;CD_CONTA;DS_CONTA;VL_CONTA;ST_CONTA_FIXA
02.635.522/0001-95;2025-03-31;1;JALLES MACHADO S.A.;025496;DF Individual - Demonstração de Resultado Abrangente;REAL;MIL;PENÚLTIMO;2023-04-01;2024-03-31;4.01;Lucro Líquido do Período;85118.0000000000;S
02.635.522/0001-95;2025-03-31;1;JALLES MACHADO S.A.;025496;DF Individual - Demonstração de Resultado Abrangente;REAL;MIL;ÚLTIMO;2024-04-01;2025-03-31;4.01;Lucro Líquido do Período;-55950.0000000000;S
02.635.522/0001-95;2025-03-31;1;JALLES MACHADO S.A.;025496;DF Individual - Demonstração de Resultado Abrangente;REAL;MIL;PENÚLTIMO;2023-04-01;2024-03-31;4.02;Outros Resultados Abrangentes;0.0000000000;S
02.635.522/0001-95;2025-03-31;1;JALLES MACHADO S.A.;025496;DF Individual - Demonstração de Resultado Abrangente;REAL;MIL;ÚLTIMO;2024-04-01;2025-03-31;4.02;Outros Resultados Abrangentes;0.0000000000;S
02.635.522/0001-95;2025-03-31;1;JALLES MACHADO S.A.;025496;DF Individual - Demonstração de Resultado Abrangente;REAL;MIL;PENÚLTIMO;2023-04-01;2024-03-31;4.03;Resultado Abrangente do Período;85118.0000000000;S
02.635.522/0001-95;2025-03-31;1;JALLES MACHADO S.A.;025496;DF Individual - Demonstração de Resultado Abrangente;REAL;MIL;ÚLTIMO;2024-04-01;2025-03-31;4.03;Resultado Abrangente do Período;-55950.0000000000;S
06.981.381/0001-13;2025-03-31;1;CTC - CENTRO DE TECNOLOGIA CANAVIEIRA S.A.;023981;DF Individual - Demonstração de Resultado Abrangente;REAL;MIL;PENÚLTIMO;2023-04-01;2024-03-31;4.01;Lucro Líquido do Período;152307.0000000000;S
06.981.381/0001-13;2025-03-31;1;CTC - CENTRO DE TECNOLOGIA CANAVIEIRA S.A.;023981;DF Individual - Demonstração de Resultado Abrangente;REAL;MIL;ÚLTIMO;2024-04-01;2025-03-31;4.01;Lucro Líquido do Período;175677.0000000000;S
06.981.381/0001-13;2025-03-31;1;CTC - CENTRO DE TECNOLOGIA CANAVIEIRA S.A.;023981;DF Individual - Demonstração de Resultado Abrangente;REAL;MIL;PENÚLTIMO;2023-04-01;2024-03-31;4.02;Outros Resultados Abrangentes;575.0000000000;S
06.981.381/0001-13;2025-03-31;1;CTC - CENTRO DE TECNOLOGIA CANAVIEIRA S.A.;023981;DF Individual - Demonstração de Resultado Abrangente;REAL;MIL;ÚLTIMO;2024-04-01;2025-03-31;4.02;Outros Resultados Abrangentes;819.0000000000;S
06.981.381/0001-13;2025-03-31;1;CTC - CENTRO DE TECNOLOGIA CANAVIEIRA S.A.;023981;DF Individual - Demonstração de Resultado Abrangente;REAL;MIL;PENÚLTIMO;2023-04-01;2024-03-31;4.02.01;Efeito de conversão de moeda estrangeira;-85.0000000000;N
06.981.381/0001-13;2025-03-31;1;CTC - CENTRO DE TECNOLOGIA CANAVIEIRA S.A.;023981;DF Individual - Demonstração de Resultado Abrangente;REAL;MIL;ÚLTIMO;2024-04-01;2025-03-31;4.02.01;Efeito de conversão de moeda estrangeira;477.0000000000;N
06.981.381/0001-13;2025-03-31;1;CTC - CENTRO DE TECNOLOGIA CANAVIEIRA S.A.;023981;DF Individual - Demonstração de Resultado Abrangente;REAL;MIL;PENÚLTIMO;2023-04-01;2024-03-31;4.02.02;Perdas atuarias com plano de befícios;660.0000000000;N
06.981.381/0001-13;2025-03-31;1;CTC - CENTRO DE TECNOLOGIA CANAVIEIRA S.A.;023981;DF Individual - Demonstração de Resultado Abrangente;REAL;MIL;ÚLTIMO;2024-04-01;2025-03-31;4.02.02;Perdas atuarias com plano de befícios;342.0000000000;N
06.981.381/0001-13;2025-03-31;1;CTC - CENTRO DE TECNOLOGIA CANAVIEIRA S.A.;023981;DF Individual - Demonstração de Resultado Abrangente;REAL;MIL;PENÚLTIMO;2023-04-01;2024-03-31;4.03;Resultado Abrangente do Período;152882.0000000000;S
06.981.381/0001-13;2025-03-31;1;CTC - CENTRO DE TECNOLOGIA CANAVIEIRA S.A.;023981;DF Individual - Demonstração de Resultado Abrangente;REAL;MIL;ÚLTIMO;2024-04-01;2025-03-31;4.03;Resultado Abrangente do Período;176496.0000000000;S
07.628.528/0001-59;2025-06-30;1;BRASILAGRO - CIA BRAS DE PROP AGRICOLAS;020036;DF Individual - Demonstração de Resultado Abrangente;REAL;MIL;PENÚLTIMO;2023-07-01;2024-06-30;4.01;Lucro Líquido do Período;226867.0000000000;S
07.628.528/0001-59;2025-06-30;1;BRASILAGRO - CIA BRAS DE PROP AGRICOLAS;020036;DF Individual - Demonstração de Resultado Abrangente;REAL;MIL;ÚLTIMO;2024-07-01;2025-06-30;4.01;Lucro Líquido do Período;138019.0000000000;S
07.628.528/0001-59;2025-06-30;1;BRASILAGRO - CIA BRAS DE PROP AGRICOLAS;020036;DF Individual - Demonstração de Resultado Abrangente;REAL;MIL;PENÚLTIMO;2023-07-01;2024-06-30;4.02;Outros Resultados Abrangentes;54768.0000000000;S
07.628.528/0001-59;2025-06-30;1;BRASILAGRO - CIA BRAS DE PROP AGRICOLAS;020036;DF Individual - Demonstração de Resultado Abrangente;REAL;MIL;ÚLTIMO;2024-07-01;2025-06-30;4.02;Outros Resultados Abrangentes;-7462.0000000000;S
07.628.528/0001-59;2025-06-30;1;BRASILAGRO - CIA BRAS DE PROP AGRICOLAS;020036;DF Individual - Demonstração de Resultado Abrangente;REAL;MIL;PENÚLTIMO;2023-07-01;2024-06-30;4.02.01;Efeito na conversão de investimentos no exterior;54768.0000000000;N
07.628.528/0001-59;2025-06-30;1;BRASILAGRO - CIA BRAS DE PROP AGRICOLAS;020036;DF Individual - Demonstração de Resultado Abrangente;REAL;MIL;ÚLTIMO;2024-07-01;2025-06-30;4.02.01;Efeito na conversão de investimentos no exterior;-7462.0000000000;N
07.628.528/0001-59;2025-06-30;1;BRASILAGRO - CIA BRAS DE PROP AGRICOLAS;020036;DF Individual - Demonstração de Resultado Abrangente;REAL;MIL;PENÚLTIMO;2023-07-01;2024-06-30;4.02.02;Baixa de efeito na conversão de joint venture por cisão;0.0000000000;N
07.628.528/0001-59;2025-06-30;1;BRASILAGRO - CIA BRAS DE PROP AGRICOLAS;020036;DF Individual - Demonstração de Resultado Abrangente;REAL;MIL;ÚLTIMO;2024-07-01;2025-06-30;4.02.02;Baixa de efeito na conversão de joint venture por cisão;0.0000000000;N
07.628.528/0001-59;2025-06-30;1;BRASILAGRO - CIA BRAS DE PROP AGRICOLAS;020036;DF Individual - Demonstração de Resultado Abrangente;REAL;MIL;PENÚLTIMO;2023-07-01;2024-06-30;4.03;Resultado Abrangente do Período;281635.0000000000;S
07.628.528/0001-59;2025-06-30;1;BRASILAGRO - CIA BRAS DE PROP AGRICOLAS;020036;DF Individual - Demonstração de Resultado Abrangente;REAL;MIL;ÚLTIMO;2024-07-01;2025-06-30;4.03;Resultado Abrangente do Período;130557.0000000000;S
08.070.508/0001-78;2025-03-31;1;RAIZEN ENERGIA S.A.;023230;DF Individual - Demonstração de Resultado Abrangente;REAL;MIL;PENÚLTIMO;2023-04-01;2024-03-31;4.01;Lucro Líquido do Período;-1272688.0000000000;S
08.070.508/0001-78;2025-03-31;1;RAIZEN ENERGIA S.A.;023230;DF Individual - Demonstração de Resultado Abrangente;REAL;MIL;ÚLTIMO;2024-04-01;2025-03-31;4.01;Lucro Líquido do Período;-6085054.0000000000;S
08.070.508/0001-78;2025-03-31;1;RAIZEN ENERGIA S.A.;023230;DF Individual - Demonstração de Resultado Abrangente;REAL;MIL;PENÚLTIMO;2023-04-01;2024-03-31;4.02;Outros Resultados Abrangentes;557481.0000000000;S
08.070.508/0001-78;2025-03-31;1;RAIZEN ENERGIA S.A.;023230;DF Individual - Demonstração de Resultado Abrangente;REAL;MIL;ÚLTIMO;2024-04-01;2025-03-31;4.02;Outros Resultados Abrangentes;-297991.0000000000;S
08.070.508/0001-78;2025-03-31;1;RAIZEN ENERGIA S.A.;023230;DF Individual - Demonstração de Resultado Abrangente;REAL;MIL;PENÚLTIMO;2023-04-01;2024-03-31;4.02.01;Ajuste de avaliação patrimonial - Perdas (ganhos) atuariais;-1069.0000000000;N
08.070.508/0001-78;2025-03-31;1;RAIZEN ENERGIA S.A.;023230;DF Individual - Demonstração de Resultado Abrangente;REAL;MIL;ÚLTIMO;2024-04-01;2025-03-31;4.02.01;Ajuste de avaliação patrimonial - Perdas (ganhos) atuariais;13808.0000000000;N
08.070.508/0001-78;2025-03-31;1;RAIZEN ENERGIA S.A.;023230;DF Individual - Demonstração de Resultado Abrangente;REAL;MIL;PENÚLTIMO;2023-04-01;2024-03-31;4.02.02;Ajuste de avaliação patrimonial - Perdas (ganhos) atuariais (efeito reflexo de controladas);468.0000000000;N
08.070.508/0001-78;2025-03-31;1;RAIZEN ENERGIA S.A.;023230;DF Individual - Demonstração de Resultado Abrangente;REAL;MIL;ÚLTIMO;2024-04-01;2025-03-31;4.02.02;Ajuste de avaliação patrimonial - Perdas (ganhos) atuariais (efeito reflexo de controladas);1834.0000000000;N
08.070.508/0001-78;2025-03-31;1;RAIZEN ENERGIA S.A.;023230;DF Individual - Demonstração de Resultado Abrangente;REAL;MIL;PENÚLTIMO;2023-04-01;2024-03-31;4.02.03;Tributos diferidos sobre (ganho) perda atuarial, líquido;363.0000000000;N
08.070.508/0001-78;2025-03-31;1;RAIZEN ENERGIA S.A.;023230;DF Individual - Demonstração de Resultado Abrangente;REAL;MIL;ÚLTIMO;2024-04-01;2025-03-31;4.02.03;Tributos diferidos sobre (ganho) perda atuarial, líquido;-4695.0000000000;N
08.070.508/0001-78;2025-03-31;1;RAIZEN ENERGIA S.A.;023230;DF Individual - Demonstração de Resultado Abrangente;REAL;MIL;PENÚLTIMO;2023-04-01;2024-03-31;4.02.04;Resultado líquido com instrumentos financeiros designados como - Hedge accounting;886404.0000000000;N
08.070.508/0001-78;2025-03-31;1;RAIZEN ENERGIA S.A.;023230;DF Individual - Demonstração de Resultado Abrangente;REAL;MIL;ÚLTIMO;2024-04-01;2025-03-31;4.02.04;Resultado líquido com instrumentos financeiros designados como - Hedge accounting;-63902.0000000000;N
08.070.508/0001-78;2025-03-31;1;RAIZEN ENERGIA S.A.;023230;DF Individual - Demonstração de Resultado Abrangente;REAL;MIL;PENÚLTIMO;2023-04-01;2024-03-31;4.02.05;Efeitos de conversão de moeda estrangeira -;-47728.0000000000;N
08.070.508/0001-78;2025-03-31;1;RAIZEN ENERGIA S.A.;023230;DF Individual - Demonstração de Resultado Abrangente;REAL;MIL;ÚLTIMO;2024-04-01;2025-03-31;4.02.05;Efeitos de conversão de moeda estrangeira -;-271051.0000000000;N
08.070.508/0001-78;2025-03-31;1;RAIZEN ENERGIA S.A.;023230;DF Individual - Demonstração de Resultado Abrangente;REAL;MIL;PENÚLTIMO;2023-04-01;2024-03-31;4.02.06;Tributos diferidos sobre hedge;-301377.0000000000;N
08.070.508/0001-78;2025-03-31;1;RAIZEN ENERGIA S.A.;023230;DF Individual - Demonstração de Resultado Abrangente;REAL;MIL;ÚLTIMO;2024-04-01;2025-03-31;4.02.06;Tributos diferidos sobre hedge;21681.0000000000;N
08.070.508/0001-78;2025-03-31;1;RAIZEN ENERGIA S.A.;023230;DF Individual - Demonstração de Resultado Abrangente;REAL;MIL;PENÚLTIMO;2023-04-01;2024-03-31;4.02.07;Equivalência patrimonial sobre outros resultados abrangentes;18970.0000000000;N
08.070.508/0001-78;2025-03-31;1;RAIZEN ENERGIA S.A.;023230;DF Individual - Demonstração de Resultado Abrangente;REAL;MIL;ÚLTIMO;2024-04-01;2025-03-31;4.02.07;Equivalência patrimonial sobre outros resultados abrangentes;4334.0000000000;N
08.070.508/0001-78;2025-03-31;1;RAIZEN ENERGIA S.A.;023230;DF Individual - Demonstração de Resultado Abrangente;REAL;MIL;PENÚLTIMO;2023-04-01;2024-03-31;4.02.08;Outros passivos;2197.0000000000;N
08.070.508/0001-78;2025-03-31;1;RAIZEN ENERGIA S.A.;023230;DF Individual - Demonstração de Resultado Abrangente;REAL;MIL;ÚLTIMO;2024-04-01;2025-03-31;4.02.08;Outros passivos;0.0000000000;N
08.070.508/0001-78;2025-03-31;1;RAIZEN ENERGIA S.A.;023230;DF Individual - Demonstração de Resultado Abrangente;REAL;MIL;PENÚLTIMO;2023-04-01;2024-03-31;4.02.09;Tributos diferidos sobre outros passivos;-747.0000000000;N
08.070.508/0001-78;2025-03-31;1;RAIZEN ENERGIA S.A.;023230;DF Individual - Demonstração de Resultado Abrangente;REAL;MIL;ÚLTIMO;2024-04-01;2025-03-31;4.02.09;Tributos diferidos sobre outros passivos;0.0000000000;N
08.070.508/0001-78;2025-03-31;1;RAIZEN ENERGIA S.A.;023230;DF Individual - Demonstração de Resultado Abrangente;REAL;MIL;PENÚLTIMO;2023-04-01;2024-03-31;4.03;Resultado Abrangente do Período;-715207.0000000000;S
08.070.508/0001-78;2025-03-31;1;RAIZEN ENERGIA S.A.;023230;DF Individual - Demonstração de Resultado Abrangente;REAL;MIL;ÚLTIMO;2024-04-01;2025-03-31;4.03;Resultado Abrangente do Período;-6383045.0000000000;S
08.322.396/0001-03;2025-03-31;1;CERRADINHO BIOENERGIA S.A.;026522;DF Individual - Demonstração de Resultado Abrangente;REAL;MIL;PENÚLTIMO;2023-04-01;2024-03-31;4.01;Lucro Líquido do Período;40295.0000000000;S
08.322.396/0001-03;2025-03-31;1;CERRADINHO BIOENERGIA S.A.;026522;DF Individual - Demonstração de Resultado Abrangente;REAL;MIL;ÚLTIMO;2024-04-01;2025-03-31;4.01;Lucro Líquido do Período;196528.0000000000;S
08.322.396/0001-03;2025-03-31;1;CERRADINHO BIOENERGIA S.A.;026522;DF Individual - Demonstração de Resultado Abrangente;REAL;MIL;PENÚLTIMO;2023-04-01;2024-03-31;4.02;Outros Resultados Abrangentes;-21807.0000000000;S
08.322.396/0001-03;2025-03-31;1;CERRADINHO BIOENERGIA S.A.;026522;DF Individual - Demonstração de Resultado Abrangente;REAL;MIL;ÚLTIMO;2024-04-01;2025-03-31;4.02;Outros Resultados Abrangentes;-63794.0000000000;S
08.322.396/0001-03;2025-03-31;1;CERRADINHO BIOENERGIA S.A.;026522;DF Individual - Demonstração de Resultado Abrangente;REAL;MIL;PENÚLTIMO;2023-04-01;2024-03-31;4.03;Resultado Abrangente do Período;18488.0000000000;S
08.322.396/0001-03;2025-03-31;1;CERRADINHO BIOENERGIA S.A.;026522;DF Individual - Demonstração de Resultado Abrangente;REAL;MIL;ÚLTIMO;2024-04-01;2025-03-31;4.03;Resultado Abrangente do Período;132734.0000000000;S
33.453.598/0001-23;2025-03-31;1;RAÍZEN S.A.;025917;DF Individual - Demonstração de Resultado Abrangente;REAL;MIL;PENÚLTIMO;2023-04-01;2024-03-31;4.01;Lucro Líquido do Período;520715.0000000000;S
33.453.598/0001-23;2025-03-31;1;RAÍZEN S.A.;025917;DF Individual - Demonstração de Resultado Abrangente;REAL;MIL;ÚLTIMO;2024-04-01;2025-03-31;4.01;Lucro Líquido do Período;-4256528.0000000000;S
33.453.598/0001-23;2025-03-31;1;RAÍZEN S.A.;025917;DF Individual - Demonstração de Resultado Abrangente;REAL;MIL;PENÚLTIMO;2023-04-01;2024-03-31;4.02;Outros Resultados Abrangentes;469030.0000000000;S
33.453.598/0001-23;2025-03-31;1;RAÍZEN S.A.;025917;DF Individual - Demonstração de Resultado Abrangente;REAL;MIL;ÚLTIMO;2024-04-01;2025-03-31;4.02;Outros Resultados Abrangentes;394856.0000000000;S
33.453.598/0001-23;2025-03-31;1;RAÍZEN S.A.;025917;DF Individual - Demonstração de Resultado Abrangente;REAL;MIL;PENÚLTIMO;2023-04-01;2024-03-31;4.02.02;Resultado com instrumentos financeiros designados como hedge accounting;-11371.0000000000;N
33.453.598/0001-23;2025-03-31;1;RAÍZEN S.A.;025917;DF Individual - Demonstração de Resultado Abrangente;REAL;MIL;ÚLTIMO;2024-04-01;2025-03-31;4.02.02;Resultado com instrumentos financeiros designados como hedge accounting;-11409.0000000000;N
33.453.598/0001-23;2025-03-31;1;RAÍZEN S.A.;025917;DF Individual - Demonstração de Resultado Abrangente;REAL;MIL;PENÚLTIMO;2023-04-01;2024-03-31;4.02.04;Tributos diferidos sobre hedge;3866.0000000000;N
33.453.598/0001-23;2025-03-31;1;RAÍZEN S.A.;025917;DF Individual - Demonstração de Resultado Abrangente;REAL;MIL;ÚLTIMO;2024-04-01;2025-03-31;4.02.04;Tributos diferidos sobre hedge;3879.0000000000;N
33.453.598/0001-23;2025-03-31;1;RAÍZEN S.A.;025917;DF Individual - Demonstração de Resultado Abrangente;REAL;MIL;PENÚLTIMO;2023-04-01;2024-03-31;4.02.05;Efeito de conversão de moeda estrangeira;-82599.0000000000;N
33.453.598/0001-23;2025-03-31;1;RAÍZEN S.A.;025917;DF Individual - Demonstração de Resultado Abrangente;REAL;MIL;ÚLTIMO;2024-04-01;2025-03-31;4.02.05;Efeito de conversão de moeda estrangeira;704710.0000000000;N
33.453.598/0001-23;2025-03-31;1;RAÍZEN S.A.;025917;DF Individual - Demonstração de Resultado Abrangente;REAL;MIL;PENÚLTIMO;2023-04-01;2024-03-31;4.02.06;Equivalência patrimonial sobre outros resultados abrangentes;559134.0000000000;N
33.453.598/0001-23;2025-03-31;1;RAÍZEN S.A.;025917;DF Individual - Demonstração de Resultado Abrangente;REAL;MIL;ÚLTIMO;2024-04-01;2025-03-31;4.02.06;Equivalência patrimonial sobre outros resultados abrangentes;-302324.0000000000;N
33.453.598/0001-23;2025-03-31;1;RAÍZEN S.A.;025917;DF Individual - Demonstração de Resultado Abrangente;REAL;MIL;PENÚLTIMO;2023-04-01;2024-03-31;4.03;Resultado Abrangente do Período;989745.0000000000;S
33.453.598/0001-23;2025-03-31;1;RAÍZEN S.A.;025917;DF Individual - Demonstração de Resultado Abrangente;REAL;MIL;ÚLTIMO;2024-04-01;2025-03-31;4.03;Resultado Abrangente do Período;-3861672.0000000000;S
51.466.860/0001-56;2025-03-31;1;SAO MARTINHO S.A.;020516;DF Individual - Demonstração de Resultado Abrangente;REAL;MIL;PENÚLTIMO;2023-04-01;2024-03-31;4.01;Lucro Líquido do Período;1476279.0000000000;S
51.466.860/0001-56;2025-03-31;1;SAO MARTINHO S.A.;020516;DF Individual - Demonstração de Resultado Abrangente;REAL;MIL;ÚLTIMO;2024-04-01;2025-03-31;4.01;Lucro Líquido do Período;556731.0000000000;S
51.466.860/0001-56;2025-03-31;1;SAO MARTINHO S.A.;020516;DF Individual - Demonstração de Resultado Abrangente;REAL;MIL;PENÚLTIMO;2023-04-01;2024-03-31;4.02;Outros Resultados Abrangentes;63831.0000000000;S
51.466.860/0001-56;2025-03-31;1;SAO MARTINHO S.A.;020516;DF Individual - Demonstração de Resultado Abrangente;REAL;MIL;ÚLTIMO;2024-04-01;2025-03-31;4.02;Outros Resultados Abrangentes;68317.0000000000;S
51.466.860/0001-56;2025-03-31;1;SAO MARTINHO S.A.;020516;DF Individual - Demonstração de Resultado Abrangente;REAL;MIL;PENÚLTIMO;2023-04-01;2024-03-31;4.02.01;Derivativos de mercadorias - Futuro, opções e contratos a termo;45528.0000000000;N
51.466.860/0001-56;2025-03-31;1;SAO MARTINHO S.A.;020516;DF Individual - Demonstração de Resultado Abrangente;REAL;MIL;ÚLTIMO;2024-04-01;2025-03-31;4.02.01;Derivativos de mercadorias - Futuro, opções e contratos a termo;7291.0000000000;N
51.466.860/0001-56;2025-03-31;1;SAO MARTINHO S.A.;020516;DF Individual - Demonstração de Resultado Abrangente;REAL;MIL;PENÚLTIMO;2023-04-01;2024-03-31;4.02.02;Derivativos de câmbio - Opções / NDF;-76889.0000000000;N
51.466.860/0001-56;2025-03-31;1;SAO MARTINHO S.A.;020516;DF Individual - Demonstração de Resultado Abrangente;REAL;MIL;ÚLTIMO;2024-04-01;2025-03-31;4.02.02;Derivativos de câmbio - Opções / NDF;-8528.0000000000;N
51.466.860/0001-56;2025-03-31;1;SAO MARTINHO S.A.;020516;DF Individual - Demonstração de Resultado Abrangente;REAL;MIL;PENÚLTIMO;2023-04-01;2024-03-31;4.02.03;Variação cambial de contratos de financiamentos (Trade Finance);128075.0000000000;N
51.466.860/0001-56;2025-03-31;1;SAO MARTINHO S.A.;020516;DF Individual - Demonstração de Resultado Abrangente;REAL;MIL;ÚLTIMO;2024-04-01;2025-03-31;4.02.03;Variação cambial de contratos de financiamentos (Trade Finance);104747.0000000000;N
51.466.860/0001-56;2025-03-31;1;SAO MARTINHO S.A.;020516;DF Individual - Demonstração de Resultado Abrangente;REAL;MIL;PENÚLTIMO;2023-04-01;2024-03-31;4.02.04;Contratos de Swap;0.0000000000;N
51.466.860/0001-56;2025-03-31;1;SAO MARTINHO S.A.;020516;DF Individual - Demonstração de Resultado Abrangente;REAL;MIL;ÚLTIMO;2024-04-01;2025-03-31;4.02.04;Contratos de Swap;0.0000000000;N
51.466.860/0001-56;2025-03-31;1;SAO MARTINHO S.A.;020516;DF Individual - Demonstração de Resultado Abrangente;REAL;MIL;PENÚLTIMO;2023-04-01;2024-03-31;4.02.05;Tributos diferidos sobre os itens acima;-32883.0000000000;N
51.466.860/0001-56;2025-03-31;1;SAO MARTINHO S.A.;020516;DF Individual - Demonstração de Resultado Abrangente;REAL;MIL;ÚLTIMO;2024-04-01;2025-03-31;4.02.05;Tributos diferidos sobre os itens acima;-35193.0000000000;N
51.466.860/0001-56;2025-03-31;1;SAO MARTINHO S.A.;020516;DF Individual - Demonstração de Resultado Abrangente;REAL;MIL;PENÚLTIMO;2023-04-01;2024-03-31;4.03;Resultado Abrangente do Período;1540110.0000000000;S
51.466.860/0001-56;2025-03-31;1;SAO MARTINHO S.A.;020516;DF Individual - Demonstração de Resultado Abrangente;REAL;MIL;ÚLTIMO;2024-04-01;2025-03-31;4.03;Resultado Abrangente do Período;625048.0000000000;S
64.904.295/0001-03;2025-02-28;1;CAMIL ALIMENTOS S.A.;024228;DF Individual - Demonstração de Resultado Abrangente;REAL;MIL;PENÚLTIMO;2023-03-01;2024-02-28;4.01;Lucro Líquido do Período;360337.0000000000;S
64.904.295/0001-03;2025-02-28;1;CAMIL ALIMENTOS S.A.;024228;DF Individual - Demonstração de Resultado Abrangente;REAL;MIL;ÚLTIMO;2024-03-01;2025-02-28;4.01;Lucro Líquido do Período;216950.0000000000;S
64.904.295/0001-03;2025-02-28;1;CAMIL ALIMENTOS S.A.;024228;DF Individual - Demonstração de Resultado Abrangente;REAL;MIL;PENÚLTIMO;2023-03-01;2024-02-28;4.02;Outros Resultados Abrangentes;-89638.0000000000;S
64.904.295/0001-03;2025-02-28;1;CAMIL ALIMENTOS S.A.;024228;DF Individual - Demonstração de Resultado Abrangente;REAL;MIL;ÚLTIMO;2024-03-01;2025-02-28;4.02;Outros Resultados Abrangentes;250138.0000000000;S
64.904.295/0001-03;2025-02-28;1;CAMIL ALIMENTOS S.A.;024228;DF Individual - Demonstração de Resultado Abrangente;REAL;MIL;PENÚLTIMO;2023-03-01;2024-02-28;4.03;Resultado Abrangente do Período;270699.0000000000;S
64.904.295/0001-03;2025-02-28;1;CAMIL ALIMENTOS S.A.;024228;DF Individual - Demonstração de Resultado Abrangente;REAL;MIL;ÚLTIMO;2024-03-01;2025-02-28;4.03;Resultado Abrangente do Período;467088.0000000000;S
88.613.658/0001-10;2025-06-30;1;PETTENATI S.A. INDUSTRIA TEXTIL;009539;DF Individual - Demonstração de Resultado Abrangente;REAL;UNIDADE;PENÚLTIMO;2023-07-01;2024-06-30;4.01;Lucro Líquido do Período;19210788.0000000000;S
88.613.658/0001-10;2025-06-30;1;PETTENATI S.A. INDUSTRIA TEXTIL;009539;DF Individual - Demonstração de Resultado Abrangente;REAL;UNIDADE;ÚLTIMO;2024-07-01;2025-06-30;4.01;Lucro Líquido do Período;42497560.0000000000;S
88.613.658/0001-10;2025-06-30;1;PETTENATI S.A. INDUSTRIA TEXTIL;009539;DF Individual - Demonstração de Resultado Abrangente;REAL;UNIDADE;PENÚLTIMO;2023-07-01;2024-06-30;4.02;Outros Resultados Abrangentes;28503266.0000000000;S
88.613.658/0001-10;2025-06-30;1;PETTENATI S.A. INDUSTRIA TEXTIL;009539;DF Individual - Demonstração de Resultado Abrangente;REAL;UNIDADE;ÚLTIMO;2024-07-01;2025-06-30;4.02;Outros Resultados Abrangentes;-4067482.0000000000;S
88.613.658/0001-10;2025-06-30;1;PETTENATI S.A. INDUSTRIA TEXTIL;009539;DF Individual - Demonstração de Resultado Abrangente;REAL;UNIDADE;PENÚLTIMO;2023-07-01;2024-06-30;4.03;Resultado Abrangente do Período;47714054.0000000000;S
88.613.658/0001-10;2025-06-30;1;PETTENATI S.A. INDUSTRIA TEXTIL;009539;DF Individual - Demonstração de Resultado Abrangente;REAL;UNIDADE;ÚLTIMO;2024-07-01;2025-06-30;4.03;Resultado Abrangente do Período;38430078.0000000000;S
